index,LSH_Distance,KD_Distance,Difference
0,599.599,559.892,39.707
1,655.866,582.159,73.706
2,600.117,583.899,16.218
3,644.491,576.631,67.861
4,629.384,588.495,40.889
5,623.270,554.947,68.323
6,653.795,565.175,88.620
7,630.981,562.404,68.577
8,609.012,566.182,42.830
9,604.808,560.268,44.540
10,643.681,561.134,82.548
11,665.304,616.576,48.727
12,648.028,579.259,68.769
13,624.371,569.956,54.415
14,646.115,583.443,62.672
15,609.847,554.785,55.062
16,631.116,566.830,64.286
17,620.501,554.212,66.290
18,631.147,563.533,67.614
19,650.730,572.878,77.851
20,627.820,587.965,39.855
21,625.203,560.316,64.887
22,651.152,599.978,51.174
23,644.083,540.507,103.576
24,636.641,585.812,50.829
25,658.412,589.025,69.387
26,618.108,567.112,50.995
27,600.672,568.415,32.257
28,647.826,589.273,58.553
29,654.211,598.878,55.333
30,648.481,571.880,76.601
31,658.243,598.075,60.168
32,606.040,568.359,37.681
33,635.264,600.421,34.842
34,646.172,575.247,70.924
35,662.363,598.736,63.627
36,664.023,632.576,31.446
37,651.454,584.253,67.201
38,668.630,605.701,62.930
39,685.195,598.684,86.511
40,626.285,589.639,36.647
41,668.127,574.072,94.055
42,611.254,566.453,44.801
43,628.969,584.920,44.049
44,640.079,582.940,57.139
45,638.481,588.536,49.945
46,645.946,586.083,59.862
47,640.371,580.218,60.153
48,616.959,553.902,63.057
49,658.108,577.578,80.530
50,622.888,558.087,64.802
51,626.450,556.088,70.362
52,586.754,559.004,27.750
53,613.103,573.867,39.235
54,639.977,595.748,44.228
55,608.753,555.056,53.697
56,633.503,572.206,61.296
57,615.432,565.721,49.711
58,643.955,549.807,94.148
59,638.133,566.154,71.979
60,608.174,576.859,31.315
61,621.965,568.179,53.785
62,618.065,577.115,40.951
63,589.552,579.832,9.720
64,627.740,561.693,66.047
65,659.659,581.200,78.460
66,634.021,566.861,67.161
67,618.678,547.504,71.175
68,621.960,569.075,52.885
69,618.501,585.986,32.515
70,636.885,565.111,71.774
71,641.415,588.937,52.478
72,684.326,624.483,59.843
73,652.323,566.703,85.620
74,646.000,564.000,82.000
75,628.256,567.571,60.685
76,587.468,554.784,32.684
77,641.231,578.417,62.814
78,615.026,580.712,34.315
79,615.093,584.877,30.216
80,643.636,589.749,53.887
81,625.850,564.764,61.085
82,618.230,587.124,31.107
83,661.623,602.332,59.291
84,634.579,575.454,59.125
85,623.289,559.581,63.708
86,639.267,587.924,51.343
87,656.662,596.702,59.960
88,573.817,573.817,0.000
89,626.275,592.506,33.768
90,660.670,616.999,43.671
91,614.722,554.538,60.184
92,647.494,561.000,86.494
93,657.482,585.368,72.113
94,633.097,582.429,50.668
95,633.160,550.863,82.297
96,615.415,557.236,58.180
97,662.131,595.109,67.022
98,609.057,553.607,55.449
99,609.092,518.097,90.995
100,656.350,599.622,56.728
101,623.166,576.439,46.727
102,618.520,576.321,42.199
103,626.827,580.334,46.493
104,584.099,533.917,50.182
105,619.550,570.702,48.849
106,629.535,560.043,69.492
107,609.554,568.410,41.143
108,626.420,561.978,64.442
109,618.247,578.960,39.287
110,641.079,567.013,74.066
111,639.938,594.910,45.027
112,636.204,580.859,55.345
113,622.236,562.726,59.510
114,609.200,543.969,65.231
115,617.901,591.915,25.986
116,593.067,561.510,31.557
117,600.755,585.296,15.459
118,643.038,596.317,46.721
119,671.842,595.895,75.947
120,620.426,571.924,48.502
121,637.306,565.150,72.156
122,618.836,564.937,53.898
123,633.426,577.277,56.149
124,603.446,550.188,53.258
125,617.679,569.558,48.121
126,641.797,573.084,68.713
127,582.124,558.813,23.311
128,673.211,604.172,69.039
129,622.274,548.965,73.309
130,612.424,581.174,31.250
131,644.647,550.763,93.883
132,612.249,576.284,35.965
133,657.972,580.806,77.166
134,626.853,572.682,54.171
135,645.088,549.268,95.821
136,602.310,584.456,17.854
137,639.087,555.976,83.111
138,677.348,608.948,68.400
139,652.654,570.723,81.932
140,647.179,586.515,60.663
141,587.715,536.982,50.733
142,621.389,573.173,48.216
143,640.519,579.199,61.320
144,642.996,587.004,55.992
145,633.167,548.626,84.540
146,667.862,578.057,89.805
147,616.825,584.107,32.718
148,642.070,563.538,78.533
149,621.474,561.215,60.259
150,625.009,577.248,47.760
151,621.842,569.697,52.145
152,638.371,585.800,52.571
153,632.903,555.829,77.074
154,647.270,582.919,64.351
155,632.051,569.912,62.139
156,640.266,595.347,44.919
157,643.321,573.237,70.084
158,621.719,559.493,62.226
159,577.481,559.184,18.297
160,646.982,567.442,79.540
161,633.756,589.416,44.341
162,611.255,555.440,55.815
163,602.419,573.931,28.488
164,643.999,584.618,59.381
165,609.265,528.407,80.858
166,621.079,567.689,53.389
167,634.408,580.066,54.342
168,624.788,582.915,41.873
169,624.315,584.653,39.662
170,618.848,572.291,46.557
171,633.729,573.406,60.323
172,627.513,561.787,65.726
173,646.043,557.738,88.306
174,636.736,589.400,47.336
175,617.093,566.335,50.759
176,607.456,554.439,53.017
177,540.832,533.958,6.874
178,652.716,580.258,72.458
179,615.244,556.604,58.641
180,667.728,576.141,91.587
181,618.118,572.021,46.097
182,661.877,590.485,71.393
183,614.192,571.143,43.049
184,637.359,565.190,72.169
185,622.865,553.946,68.919
186,633.667,561.477,72.190
187,593.037,540.054,52.983
188,625.361,558.563,66.798
189,628.051,586.832,41.218
190,647.483,572.936,74.547
191,619.658,567.627,52.031
192,604.647,563.805,40.841
193,641.259,566.535,74.724
194,647.018,551.392,95.626
195,590.375,572.289,18.086
196,617.168,556.682,60.486
197,643.004,598.284,44.720
198,638.550,529.661,108.888
199,620.675,556.546,64.128
200,610.920,546.466,64.455
201,644.649,566.305,78.343
202,602.298,569.341,32.957
203,640.816,571.414,69.403
204,612.282,552.888,59.394
205,632.177,586.849,45.328
206,639.518,579.001,60.517
207,640.631,592.843,47.788
208,590.935,560.012,30.922
209,634.892,559.223,75.670
210,644.761,594.621,50.140
211,616.659,565.762,50.897
212,635.582,566.871,68.711
213,624.961,593.979,30.982
214,639.767,583.902,55.864
215,605.417,563.837,41.580
216,647.339,585.378,61.961
217,594.054,570.373,23.682
218,611.620,576.103,35.517
219,650.085,559.586,90.499
220,635.047,588.064,46.983
221,628.131,571.154,56.977
222,629.371,558.418,70.952
223,624.671,555.608,69.063
224,615.649,575.596,40.052
225,641.042,583.808,57.234
226,603.763,579.929,23.834
227,638.484,608.283,30.201
228,605.179,570.860,34.319
229,672.565,616.206,56.359
230,650.528,580.088,70.440
231,610.949,576.252,34.698
232,589.288,567.617,21.671
233,632.910,586.589,46.321
234,639.043,602.750,36.292
235,640.811,598.462,42.349
236,600.986,563.682,37.304
237,625.221,564.474,60.747
238,602.857,545.078,57.780
239,634.912,567.402,67.509
240,617.461,556.006,61.455
241,659.393,604.493,54.900
242,622.072,599.525,22.547
243,630.507,554.975,75.532
244,682.106,605.484,76.622
245,664.374,583.223,81.152
246,608.545,563.119,45.427
247,625.701,568.409,57.292
248,625.936,561.772,64.165
249,627.885,607.104,20.782
250,617.638,576.309,41.329
251,576.654,541.224,35.430
252,634.843,552.227,82.616
253,607.093,552.133,54.960
254,645.888,592.743,53.144
255,649.549,570.491,79.058
256,646.472,581.938,64.534
257,603.928,583.723,20.205
258,683.983,592.897,91.085
259,603.119,538.193,64.926
260,661.317,576.723,84.594
261,625.194,578.005,47.189
262,658.848,594.089,64.759
263,638.594,560.902,77.693
264,621.958,584.585,37.373
265,614.617,576.132,38.486
266,609.897,572.170,37.727
267,605.068,555.974,49.094
268,641.109,538.763,102.346
269,601.816,559.535,42.281
270,670.689,615.094,55.595
271,627.970,585.934,42.036
272,616.924,569.886,47.038
273,646.171,583.849,62.322
274,650.354,571.873,78.481
275,600.085,560.427,39.658
276,645.477,561.648,83.829
277,634.022,552.190,81.832
278,599.684,578.690,20.994
279,600.244,594.735,5.509
280,645.400,557.025,88.375
281,634.123,582.721,51.402
282,597.540,564.315,33.225
283,651.068,603.063,48.005
284,640.396,591.299,49.097
285,618.545,570.694,47.851
286,620.421,564.762,55.659
287,678.623,602.793,75.830
288,596.811,555.292,41.519
289,664.356,556.021,108.335
290,628.211,578.359,49.852
291,634.016,572.185,61.831
292,667.396,592.274,75.123
293,636.201,571.519,64.681
294,613.497,546.660,66.837
295,696.482,603.598,92.883
296,649.728,568.860,80.868
297,595.824,551.869,43.955
298,640.430,570.385,70.045
299,643.517,574.047,69.470
300,636.521,584.962,51.559
301,633.726,550.697,83.028
302,618.968,566.930,52.038
303,650.885,598.716,52.169
304,683.356,628.782,54.574
305,650.842,582.912,67.930
306,642.488,561.843,80.645
307,601.763,560.937,40.826
308,598.562,545.158,53.404
309,613.073,574.433,38.640
310,679.341,599.765,79.576
311,636.168,564.497,71.671
312,653.646,585.169,68.477
313,616.800,570.329,46.471
314,653.480,595.560,57.920
315,645.825,577.044,68.780
316,607.361,570.946,36.415
317,642.300,583.915,58.385
318,627.697,568.173,59.525
319,643.152,568.690,74.462
320,624.514,566.973,57.541
321,619.740,546.052,73.687
322,637.588,583.960,53.629
323,619.818,575.558,44.260
324,629.951,576.331,53.620
325,623.349,560.644,62.705
326,614.737,581.033,33.705
327,585.643,554.321,31.322
328,641.476,571.546,69.930
329,656.270,565.164,91.106
330,612.347,554.773,57.574
331,637.728,579.226,58.501
332,578.384,578.384,0.000
333,631.598,584.022,47.576
334,583.414,583.414,0.000
335,606.770,553.760,53.010
336,617.489,573.804,43.685
337,612.216,572.381,39.835
338,637.681,579.067,58.614
339,637.247,565.940,71.307
340,637.284,583.091,54.193
341,700.449,590.617,109.832
342,621.123,573.865,47.257
343,640.315,588.379,51.937
344,624.043,568.350,55.693
345,638.231,588.566,49.665
346,644.764,606.146,38.619
347,624.827,543.260,81.567
348,623.032,592.926,30.106
349,659.688,578.594,81.095
350,675.920,604.033,71.888
351,656.476,573.889,82.587
352,634.723,573.551,61.172
353,624.177,563.064,61.113
354,614.248,538.483,75.765
355,625.382,585.534,39.848
356,685.974,622.322,63.652
357,628.459,566.296,62.163
358,631.032,560.284,70.748
359,640.313,614.386,25.926
360,639.674,593.115,46.559
361,635.091,580.020,55.071
362,651.234,557.283,93.951
363,633.498,596.066,37.433
364,607.596,536.002,71.595
365,611.048,589.387,21.661
366,645.915,589.187,56.727
367,632.013,577.107,54.905
368,638.617,578.322,60.295
369,643.605,592.397,51.208
370,636.235,582.508,53.727
371,631.786,591.452,40.334
372,653.278,582.131,71.147
373,574.156,553.576,20.579
374,644.517,601.652,42.865
375,667.512,584.054,83.459
376,654.838,616.487,38.351
377,629.195,583.098,46.097
378,620.195,562.137,58.059
379,647.740,604.002,43.739
380,639.870,528.928,110.942
381,665.264,545.974,119.290
382,649.967,559.749,90.218
383,633.374,573.456,59.918
384,602.114,581.359,20.754
385,590.371,547.765,42.606
386,618.663,573.383,45.280
387,608.916,573.751,35.165
388,656.185,578.044,78.141
389,638.551,577.252,61.299
390,604.205,559.865,44.340
391,658.108,581.429,76.679
392,658.443,587.834,70.609
393,594.934,548.368,46.565
394,636.210,590.358,45.852
395,655.070,586.157,68.913
396,644.743,591.548,53.195
397,641.459,577.445,64.014
398,661.320,580.494,80.826
399,618.942,569.689,49.253
400,625.786,569.119,56.667
401,659.409,601.152,58.258
402,635.132,576.157,58.975
403,659.537,581.647,77.891
404,663.847,613.484,50.363
405,633.089,560.124,72.965
406,625.306,568.953,56.353
407,651.513,604.016,47.497
408,638.165,584.816,53.349
409,686.055,586.103,99.952
410,625.220,595.991,29.229
411,621.264,573.599,47.666
412,611.038,558.349,52.689
413,628.331,567.872,60.459
414,638.551,590.878,47.674
415,656.649,588.127,68.521
416,633.521,557.747,75.775
417,620.849,572.793,48.056
418,585.144,562.110,23.034
419,594.129,540.764,53.365
420,631.591,580.636,50.955
421,661.835,595.434,66.401
422,607.047,513.055,93.992
423,615.473,551.958,63.515
424,633.222,570.707,62.515
425,597.306,558.640,38.666
426,595.550,550.280,45.270
427,618.899,580.531,38.369
428,593.575,566.631,26.944
429,643.309,584.680,58.629
430,611.950,567.686,44.264
431,627.790,576.518,51.272
432,631.575,555.080,76.496
433,641.604,572.611,68.993
434,624.974,579.745,45.229
435,602.023,554.191,47.831
436,640.832,573.080,67.752
437,596.953,589.287,7.666
438,618.632,562.716,55.916
439,636.189,565.071,71.119
440,640.351,588.905,51.446
441,670.576,582.057,88.519
442,667.053,600.663,66.389
443,616.406,562.077,54.329
444,636.452,507.895,128.556
445,602.852,557.112,45.740
446,600.986,588.199,12.787
447,656.758,618.731,38.027
448,616.861,563.173,53.689
449,604.709,573.517,31.192
450,638.979,586.816,52.163
451,617.663,567.518,50.146
452,634.887,595.527,39.360
453,588.833,564.264,24.569
454,635.907,567.467,68.440
455,702.315,588.788,113.527
456,616.233,564.674,51.560
457,585.438,574.778,10.660
458,631.965,574.382,57.583
459,629.622,567.352,62.270
460,644.539,579.306,65.233
461,654.044,563.418,90.626
462,593.230,546.837,46.394
463,629.405,574.819,54.585
464,604.714,564.537,40.177
465,637.190,574.504,62.686
466,629.476,596.107,33.369
467,617.357,608.175,9.182
468,598.331,570.300,28.031
469,591.354,505.586,85.768
470,660.435,603.865,56.570
471,654.355,575.622,78.733
472,653.826,562.958,90.868
473,636.142,556.982,79.159
474,672.523,614.439,58.084
475,583.180,544.038,39.141
476,625.956,556.447,69.509
477,624.812,543.335,81.477
478,632.003,574.396,57.607
479,656.032,554.207,101.825
480,660.312,619.864,40.448
481,618.226,577.542,40.684
482,632.186,557.635,74.551
483,601.317,562.819,38.498
484,681.498,622.563,58.935
485,637.307,565.298,72.009
486,673.023,588.975,84.047
487,597.596,549.786,47.810
488,600.620,566.219,34.401
489,655.810,578.518,77.292
490,664.029,595.545,68.484
491,588.482,533.820,54.662
492,647.546,590.623,56.922
493,623.545,576.069,47.476
494,648.382,559.602,88.780
495,645.727,594.821,50.906
496,653.872,595.314,58.557
497,640.855,566.373,74.482
498,661.274,586.718,74.556
499,643.287,579.320,63.967
500,629.147,585.379,43.768
501,647.171,564.049,83.121
502,622.886,548.881,74.005
503,655.655,594.660,60.996
504,613.922,566.525,47.397
505,639.904,575.781,64.122
506,660.255,592.929,67.326
507,623.254,588.925,34.330
508,626.778,569.907,56.871
509,619.985,573.396,46.589
510,619.680,584.012,35.668
511,610.332,564.391,45.941
512,642.914,569.749,73.165
513,605.738,557.942,47.796
514,607.194,565.422,41.772
515,659.296,604.847,54.449
516,601.764,559.910,41.854
517,619.416,581.019,38.397
518,641.921,585.795,56.125
519,678.857,619.897,58.960
520,658.336,603.414,54.922
521,632.518,596.950,35.568
522,609.266,579.108,30.158
523,621.348,557.782,63.566
524,683.999,578.771,105.228
525,628.507,574.100,54.407
526,615.880,565.469,50.410
527,640.197,606.994,33.203
528,640.923,577.146,63.777
529,637.438,583.124,54.315
530,687.270,592.916,94.354
531,614.701,547.798,66.903
532,653.528,602.842,50.686
533,647.360,579.431,67.929
534,651.017,602.220,48.797
535,647.558,593.727,53.831
536,651.200,591.956,59.244
537,591.820,559.861,31.959
538,616.263,564.661,51.602
539,637.512,578.935,58.577
540,613.051,556.677,56.373
541,661.269,590.778,70.492
542,667.036,619.200,47.836
543,657.616,594.549,63.066
544,652.921,582.938,69.984
545,619.358,590.434,28.924
546,614.845,583.637,31.208
547,636.828,581.878,54.950
548,665.610,592.983,72.627
549,612.411,580.074,32.337
550,632.081,577.861,54.220
551,617.545,585.279,32.266
552,623.484,552.423,71.061
553,610.686,572.165,38.521
554,651.296,589.899,61.397
555,657.597,559.688,97.910
556,628.984,583.397,45.588
557,599.335,572.310,27.024
558,608.471,547.488,60.982
559,617.671,557.008,60.663
560,639.036,564.880,74.157
561,635.183,578.774,56.409
562,592.230,590.774,1.456
563,644.553,574.064,70.488
564,664.357,589.068,75.289
565,618.275,565.501,52.775
566,642.426,565.510,76.917
567,617.913,553.696,64.218
568,630.263,552.322,77.941
569,621.616,541.330,80.287
570,658.857,581.154,77.704
571,592.383,550.292,42.091
572,603.462,564.010,39.452
573,628.065,573.852,54.213
574,633.893,583.253,50.640
575,630.083,548.507,81.575
576,635.026,578.447,56.578
577,654.164,576.064,78.100
578,631.096,582.679,48.416
579,599.538,570.692,28.846
580,617.731,573.240,44.491
581,640.923,582.458,58.465
582,604.161,560.620,43.541
583,633.955,545.075,88.880
584,594.946,557.543,37.403
585,658.274,602.884,55.390
586,671.053,566.817,104.236
587,639.305,576.616,62.690
588,559.910,550.164,9.746
589,677.097,596.748,80.348
590,641.845,583.002,58.843
591,615.474,552.093,63.381
592,623.860,563.561,60.299
593,577.268,539.450,37.818
594,617.225,553.498,63.727
595,614.825,574.517,40.308
596,661.763,591.862,69.900
597,596.288,561.343,34.945
598,601.923,578.044,23.879
599,639.856,567.465,72.391
600,636.483,579.402,57.081
601,598.095,561.410,36.685
602,664.850,588.953,75.897
603,665.256,606.680,58.575
604,607.303,561.006,46.297
605,629.337,589.086,40.251
606,641.317,573.983,67.334
607,621.554,586.064,35.490
608,620.404,587.281,33.123
609,638.782,562.834,75.947
610,632.218,560.625,71.593
611,676.652,590.229,86.423
612,583.374,557.426,25.948
613,611.890,562.770,49.119
614,639.030,572.143,66.887
615,628.575,593.397,35.179
616,600.538,553.806,46.731
617,651.110,581.311,69.799
618,621.863,582.800,39.063
619,680.254,580.325,99.929
620,615.301,555.254,60.046
621,646.782,592.266,54.516
622,644.689,571.559,73.130
623,628.019,557.665,70.354
624,651.114,600.209,50.905
625,654.420,581.546,72.874
626,589.056,526.712,62.344
627,624.828,536.313,88.515
628,621.734,567.299,54.435
629,602.841,541.477,61.364
630,631.294,573.610,57.684
631,618.026,529.639,88.387
632,676.125,593.727,82.398
633,647.801,601.578,46.223
634,626.274,557.797,68.476
635,613.131,594.724,18.407
636,607.768,555.728,52.041
637,637.828,585.103,52.725
638,617.127,572.641,44.487
639,666.704,581.271,85.433
640,636.740,588.583,48.158
641,617.906,562.344,55.562
642,613.401,557.830,55.571
643,601.529,540.750,60.780
644,646.375,590.853,55.522
645,625.625,581.854,43.772
646,611.288,566.474,44.814
647,624.324,573.332,50.992
648,610.912,560.185,50.728
649,636.510,566.907,69.603
650,621.125,577.936,43.189
651,616.448,575.757,40.691
652,656.347,601.761,54.586
653,656.714,591.404,65.310
654,632.179,569.671,62.508
655,657.902,594.409,63.493
656,634.172,575.417,58.755
657,668.582,587.377,81.206
658,598.391,525.784,72.607
659,633.002,578.917,54.085
660,641.756,589.124,52.631
661,669.212,581.405,87.806
662,658.437,600.077,58.360
663,608.478,552.983,55.496
664,616.109,567.464,48.645
665,639.678,573.391,66.287
666,628.415,576.205,52.210
667,621.084,586.472,34.612
668,642.434,575.889,66.544
669,632.259,600.627,31.632
670,624.314,594.077,30.237
671,638.489,559.784,78.705
672,648.088,573.442,74.647
673,611.753,548.659,63.094
674,645.180,568.119,77.061
675,641.555,585.037,56.518
676,598.024,577.982,20.042
677,634.866,576.542,58.325
678,624.786,569.455,55.331
679,587.134,577.172,9.962
680,643.392,574.607,68.784
681,596.493,596.493,0.000
682,637.569,595.434,42.135
683,628.623,594.879,33.744
684,646.489,579.844,66.645
685,631.980,551.946,80.034
686,611.506,578.079,33.427
687,591.835,563.311,28.524
688,673.141,593.348,79.793
689,643.080,572.039,71.042
690,618.323,569.951,48.372
691,649.511,579.217,70.294
692,628.105,558.539,69.566
693,600.409,566.349,34.061
694,617.652,608.442,9.211
695,662.818,576.004,86.814
696,622.180,561.070,61.110
697,641.870,583.709,58.162
698,608.079,588.670,19.409
699,630.499,591.045,39.454
700,623.657,574.455,49.202
701,641.467,534.030,107.437
702,617.649,576.681,40.969
703,612.407,576.309,36.098
704,664.341,598.061,66.280
705,627.566,559.909,67.657
706,618.647,565.442,53.205
707,570.229,559.859,10.370
708,631.873,586.447,45.427
709,648.889,585.244,63.645
710,592.222,551.254,40.969
711,594.576,578.695,15.881
712,623.539,566.374,57.164
713,591.142,557.834,33.308
714,665.303,592.840,72.462
715,623.895,550.602,73.293
716,613.700,551.687,62.014
717,628.486,577.182,51.304
718,590.423,563.878,26.546
719,608.113,559.084,49.029
720,610.739,546.132,64.606
721,640.995,588.082,52.913
722,640.146,561.990,78.156
723,634.862,575.321,59.541
724,647.511,571.971,75.540
725,613.522,582.559,30.963
726,610.640,571.080,39.560
727,626.455,571.256,55.199
728,628.341,557.670,70.671
729,607.642,560.582,47.060
730,635.537,580.049,55.488
731,648.545,579.255,69.290
732,590.661,586.779,3.882
733,628.420,566.810,61.610
734,627.594,597.014,30.580
735,649.331,578.680,70.650
736,654.874,592.654,62.220
737,620.914,571.129,49.785
738,649.101,590.246,58.855
739,639.667,528.627,111.039
740,639.148,605.822,33.326
741,618.556,544.918,73.638
742,649.720,574.323,75.397
743,637.003,555.786,81.217
744,649.554,583.108,66.446
745,642.396,588.832,53.564
746,612.487,583.679,28.808
747,664.702,578.242,86.460
748,649.212,572.814,76.398
749,667.832,610.289,57.543
750,648.610,581.994,66.616
751,643.224,556.996,86.228
752,628.066,573.887,54.179
753,640.078,583.609,56.469
754,670.204,597.431,72.773
755,620.242,582.350,37.892
756,580.035,543.489,36.546
757,637.837,593.246,44.591
758,620.698,582.595,38.102
759,649.941,577.469,72.473
760,650.908,608.942,41.965
761,619.507,577.725,41.782
762,618.560,571.586,46.974
763,605.603,559.082,46.521
764,650.984,586.357,64.627
765,632.274,575.553,56.721
766,641.306,589.770,51.536
767,652.345,576.177,76.168
768,634.040,576.403,57.638
769,611.352,591.524,19.828
770,660.447,567.940,92.507
771,634.779,581.950,52.829
772,606.873,552.255,54.619
773,655.706,604.192,51.514
774,618.672,572.025,46.648
775,630.821,556.658,74.163
776,680.883,601.813,79.070
777,638.100,549.062,89.038
778,598.644,536.755,61.890
779,632.994,547.890,85.104
780,634.398,549.582,84.816
781,650.644,576.268,74.376
782,639.273,573.606,65.667
783,609.940,564.572,45.368
784,606.358,558.451,47.907
785,620.290,552.850,67.440
786,659.721,607.808,51.912
787,631.821,559.471,72.350
788,597.669,582.916,14.754
789,601.275,559.638,41.636
790,602.182,558.849,43.333
791,630.686,574.822,55.864
792,647.507,573.975,73.532
793,674.009,602.063,71.945
794,654.228,602.878,51.351
795,605.505,555.140,50.365
796,629.388,564.750,64.638
797,612.822,555.570,57.252
798,630.247,579.117,51.130
799,614.666,553.343,61.323
800,648.146,569.684,78.463
801,641.697,574.486,67.211
802,641.680,556.627,85.053
803,621.645,535.475,86.169
804,624.406,567.548,56.858
805,620.413,583.942,36.472
806,647.053,522.817,124.236
807,621.186,538.009,83.176
808,622.681,564.269,58.412
809,636.457,588.690,47.768
810,614.962,557.839,57.122
811,657.544,565.129,92.415
812,673.425,597.982,75.443
813,663.392,583.970,79.421
814,636.174,581.807,54.366
815,643.259,591.290,51.970
816,609.345,544.608,64.737
817,721.063,610.420,110.643
818,623.805,566.477,57.328
819,617.744,552.378,65.365
820,600.079,548.810,51.269
821,610.379,565.269,45.110
822,629.093,569.774,59.318
823,587.201,550.341,36.861
824,653.425,580.812,72.613
825,628.082,571.028,57.054
826,642.727,566.535,76.192
827,617.801,582.935,34.867
828,670.447,596.311,74.136
829,647.463,558.573,88.890
830,614.304,562.579,51.725
831,632.001,572.091,59.910
832,609.424,566.073,43.351
833,618.818,545.631,73.187
834,621.719,591.657,30.062
835,638.526,563.511,75.015
836,638.227,586.701,51.527
837,646.147,600.515,45.632
838,623.165,567.429,55.737
839,642.529,568.739,73.790
840,630.868,591.065,39.802
841,641.120,605.035,36.085
842,661.514,594.387,67.127
843,620.440,571.426,49.014
844,627.966,580.886,47.080
845,622.145,559.255,62.890
846,607.473,567.143,40.330
847,640.100,594.519,45.581
848,582.081,544.524,37.557
849,637.788,567.656,70.132
850,624.549,581.300,43.249
851,623.492,566.136,57.356
852,625.611,595.924,29.687
853,631.164,580.084,51.080
854,601.431,564.026,37.405
855,632.421,574.617,57.804
856,631.732,593.083,38.648
857,624.697,583.286,41.411
858,640.191,589.887,50.304
859,640.112,588.111,52.001
860,641.785,546.415,95.371
861,589.799,540.406,49.393
862,682.603,608.406,74.197
863,632.521,542.643,89.878
864,648.132,581.562,66.570
865,643.452,581.389,62.063
866,657.549,572.844,84.705
867,605.064,573.808,31.256
868,638.756,550.274,88.482
869,635.784,581.860,53.925
870,604.045,555.665,48.380
871,644.751,559.449,85.302
872,634.915,588.763,46.152
873,620.651,556.423,64.228
874,657.245,597.483,59.761
875,654.960,585.878,69.082
876,644.085,563.431,80.654
877,641.858,569.626,72.232
878,633.454,584.826,48.628
879,615.072,549.172,65.900
880,608.428,555.572,52.855
881,639.062,566.347,72.714
882,619.048,564.654,54.395
883,635.028,571.739,63.289
884,607.563,574.036,33.527
885,614.056,565.222,48.834
886,596.225,565.086,31.139
887,626.931,585.285,41.646
888,632.956,563.242,69.713
889,627.660,577.927,49.732
890,623.888,565.955,57.933
891,648.656,574.807,73.849
892,635.139,558.645,76.494
893,642.638,579.246,63.392
894,657.845,572.708,85.138
895,618.954,580.044,38.910
896,594.431,565.374,29.057
897,636.861,596.859,40.001
898,627.059,564.446,62.613
899,585.897,565.570,20.327
900,591.778,547.918,43.860
901,644.327,586.975,57.352
902,637.650,598.558,39.092
903,638.429,549.071,89.358
904,654.426,617.468,36.957
905,605.792,505.054,100.738
906,649.661,543.558,106.103
907,569.666,530.940,38.725
908,629.667,598.409,31.258
909,670.579,612.489,58.090
910,641.355,586.233,55.122
911,675.155,583.221,91.934
912,640.907,593.483,47.424
913,605.194,567.397,37.797
914,647.465,568.517,78.948
915,596.460,562.224,34.237
916,615.633,573.085,42.548
917,589.211,530.808,58.402
918,660.877,581.164,79.713
919,590.661,543.957,46.703
920,626.828,590.029,36.799
921,625.514,550.833,74.681
922,641.175,594.937,46.239
923,585.029,585.029,0.000
924,629.799,568.689,61.109
925,601.574,554.532,47.042
926,641.605,575.448,66.156
927,619.063,558.772,60.291
928,632.016,531.711,100.305
929,648.010,577.911,70.100
930,660.703,569.100,91.603
931,630.717,567.908,62.808
932,636.034,590.060,45.974
933,657.185,569.050,88.135
934,642.810,584.920,57.890
935,630.211,567.160,63.051
936,607.414,561.766,45.648
937,675.386,590.773,84.613
938,628.433,582.553,45.880
939,666.351,610.792,55.560
940,652.478,583.555,68.922
941,648.447,588.988,59.459
942,618.103,568.125,49.978
943,555.838,555.838,0.000
944,616.386,581.387,35.000
945,653.357,585.311,68.046
946,650.501,602.663,47.838
947,636.849,585.204,51.645
948,623.233,574.245,48.988
949,640.208,568.436,71.772
950,674.102,593.018,81.084
951,613.480,537.879,75.601
952,597.335,575.752,21.582
953,608.588,556.269,52.319
954,649.511,580.284,69.228
955,661.304,590.710,70.595
956,615.848,579.057,36.791
957,644.038,554.146,89.893
958,643.101,595.003,48.098
959,610.195,567.618,42.576
960,606.105,551.826,54.279
961,653.365,590.285,63.080
962,635.430,577.006,58.424
963,620.110,561.463,58.647
964,639.423,586.611,52.812
965,662.560,601.691,60.869
966,642.250,576.732,65.519
967,609.010,568.184,40.826
968,651.249,591.405,59.844
969,636.277,572.576,63.701
970,643.080,581.708,61.371
971,667.170,609.375,57.796
972,623.169,591.436,31.733
973,618.552,573.365,45.187
974,620.809,580.492,40.317
975,647.553,609.848,37.705
976,653.734,595.761,57.973
977,649.884,579.301,70.583
978,597.921,554.348,43.573
979,629.402,552.937,76.465
980,708.998,626.514,82.484
981,627.974,581.872,46.101
982,609.363,584.991,24.373
983,620.481,578.198,42.283
984,644.348,568.441,75.907
985,652.567,578.296,74.270
986,596.606,565.658,30.948
987,637.846,550.220,87.626
988,658.026,605.781,52.245
989,634.903,585.865,49.038
990,651.771,593.397,58.374
991,651.024,598.413,52.611
992,596.362,566.853,29.509
993,639.644,562.458,77.187
994,648.468,608.030,40.438
995,617.971,553.926,64.045
996,642.009,594.777,47.232
997,640.096,575.589,64.507
998,650.620,575.041,75.579
999,607.184,547.762,59.422
